sequence,retentionTime
GNQNNALNSR,13.653333333333334
SSGEPTSPSTSSNTR,14.063333333333333
KAELEAAK,14.465
SSAGFADK,14.870000000000001
DDADEDEEDPDTR,15.246666666666666
EYSSGINSK,15.629999999999999
GSDQAIPK,16.048333333333332
IASPIQHEHDSGSR,16.478333333333335
ELVETGSK,16.868333333333332
FLSPSGHK,17.246666666666666
GSGSEDSFVKR,17.591666666666665
VQSDENKDDELVK,18.035
LVNDEASEGQVK,18.41166666666667
LASNLDEEK,18.788333333333334
VGKGDDEANGATSFDR,19.19
GMGEEDFHR,19.528333333333332
GISEVTENTGK,19.851666666666667
TFESEAAHGTVTR,20.235
ALQSLTSK,20.581666666666667
AVTTTFDK,20.916666666666668
SSTLQINGGEK,21.273333333333333
VDHFLANEAK,21.621666666666666
NLDDSDDVVK,21.986666666666668
TVGAALTNDPR,22.32
FTAPTSPSTSSPK,22.615000000000002
FSSEDSFR,22.933333333333334
VLQALEK,23.228333333333335
GAIAAAHYIR,23.526666666666664
VTPTKTEVIIR,23.84333333333333
KLAFTGSTEVGK,24.196666666666665
LQSSDHTQDSSEAAEAAHLYEK,24.548333333333336
IPAYDSVTGK,24.83833333333333
NVLEASNSSLDR,25.126666666666665
ESISGTPTPTSIPHEEQR,25.438333333333333
SFNSTETKPVFATK,25.790000000000003
VTGADVPTPYAK,26.111666666666668
KGEQELEGLTDTTVPKR,26.386666666666667
FPENHFTSEENLK,26.721666666666668
n[42]SEYASSIHSQMK,27.009999999999998
SNPSVPHLHDAQGNVINVTK,27.33833333333333
RGFYKPIVTVPGK,27.625
TIVM[16]GASFR,27.953333333333333
SHINVVVIGHVDSGK,28.253333333333334
LSDYDKDLTQLK,28.546666666666667
YLISPDVHPAQNQNIQENK,28.875
ILEVHVEPGMK,29.168333333333333
TWETYEMR,29.46833333333333
DLVSGGVVVSNASDK,29.815
LAGEFGLK,30.105
GTAQAVESTLQSGTTAATNTATTSHR,30.404999999999998
DGYLQNNATEGDAEHITPDNLR,30.75
AFLLTQSK,31.033333333333335
SSGIDEDEVVTPAEDAKEEEEEHPPLPAR,31.321666666666665
ALDALQGEYIDNRPVR,31.618333333333332
YGLNQMADEKESLVVK,31.91
LVDLNRPLLK,32.19166666666667
TLIPSLNNK,32.49
DDAANILKPALSR,32.79833333333333
AHGGFSVFTGVGER,33.08833333333333
SITTDEATELIK,33.401666666666664
VLPTNAIYYANR,33.684999999999995
FTVDLPK,33.986666666666665
VIEFLSANK,34.31333333333334
AFHESNSVSEITNACFEPGNQMVK,34.59
DILDEFRK,34.89333333333333
IFLTISK,35.208333333333336
GDLSIIMR,35.515
EGDDAPESPDIHFEPVVHLEK,35.86
GQYLVCMDADLQHPPETVPK,36.25666666666667
n[42]SNIVGIEYNR,36.568333333333335
IINEPTAAAIAYGLDKK,36.84
TSSGNEM[16]PPQDAEGWFYK,37.144999999999996
DVDGFGPTNIGELNK,37.46666666666667
VTYDITSKPPATVEWE,37.77333333333333
LSNFNIKPIFTDNR,38.07
DLQDSPFPSAPLR,38.40833333333333
LLDVAGLVPGAHSGR,38.7
HVVFGEVVDGYDIVK,38.99333333333333
AAQLHLGFQALHQFAVR,39.285
FKPGNVMGVTNLDLVR,39.625
INELTLLVQK,39.93666666666666
FQNENNDIIEFAVSK,40.275
IAEFLAADKENVVAVNYPGLK,40.586666666666666
SHATQSLVFNTSDILAVK,40.973333333333336
YINEGNSVGSVNFPEVALK,41.34166666666667
VIPDFM[16]LQGGDFTAGNGTGGK,41.67333333333333
VYDEEHLTEVTPPCMVQTQVEGGSTLFK,42.026666666666664
YNSDAQTYVLESTLEGHSDWVR,42.41
LLFLHGFLQNGK,42.725
FVMFPIK,43.11
LVGPTAEVIGAVSGGVDSTVASK,43.475
SLGASALLQVYNQVGNK,43.85666666666667
HATRPPLPTLDTPSWNANSAVSSIIYETPAPSR,44.285
GYQFAAALEGALK,44.63333333333333
SVQYVLEDPIAGPLVK,45.00833333333333
TFSFDDILK,45.388333333333335
INKDTVELESLCDPVEIAFVK,45.76
QLEDLNLFDNLR,46.111666666666665
HALPFEGMLPDFGSPVIEGTKPAYK,46.49166666666667
VPYYQQLVLEFK,46.865
